,index,Datum,Område,Pris per kvadratmeter,Begärt pris,Antal rum,Boarea,Avgift/månad,Driftskostnad,Byggår,Slutpris,Biarea
0,"https://www.hemnet.se/salda/lagenhet-1rum-gamla-stan-stockholms-kommun-lilla-nygatan-11,-2-tr-1122594",16 december 2019,"Gamla Stan,
  Stockholms kommu",107188,3430000,1,32,2925,6000,1680,3430000,
1,https://www.hemnet.se/salda/lagenhet-2rum-gamla-stan-stockholms-kommun-didrik-ficks-grand-5-1122595,9 december 2019,"Gamla Stan,
  Stockholms kommu",104412,3600000,2,34,1616,9000,1880,3550000,
2,https://www.hemnet.se/salda/lagenhet-2rum-stockholms-kommun-kopmangatan-8-1116060,29 november 2019,Stockholms kommu,100000,4100000,2,40,2567,3600,,4000000,
3,https://www.hemnet.se/salda/lagenhet-2rum-gamla-stan-stockholms-kommun-kopmangatan-6-1107972,14 november 2019,"Gamla Stan,
  Stockholms kommu",97439,3995000,2,41,2567,,,3995000,
4,"https://www.hemnet.se/salda/lagenhet-1rum-gamla-stan-stockholms-kommun-yxsmedsgrand-2,-1-tr-1106648",11 november 2019,"Gamla Stan,
  Stockholms kommu",110000,3300000,1,30,2842,8750,1650,3300000,
5,"https://www.hemnet.se/salda/lagenhet-1rum-gamla-stan-stockholms-kommun-yxsmedsgrand-2,-3tr,-1106647",11 november 2019,"Gamla Stan,
  Stockholms kommu",92188,2995000,1,32,2842,14300,1600,2950000,
6,https://www.hemnet.se/salda/lagenhet-1rum-gamla-stan-stockholms-kommun-pelikansgrand-2-1097361,22 oktober 2019,"Gamla Stan,
  Stockholms kommu",100000,4200000,1,42,2168,,1600,4200000,
7,"https://www.hemnet.se/salda/lagenhet-2rum-gamla-stan-stockholms-kommun-skeppar-karls-grand-6,-3-tr-1094915",18 oktober 2019,"Gamla Stan,
  Stockholms kommu",106400,4795000,2,50,937,12000,1618,5320000,
8,"https://www.hemnet.se/salda/lagenhet-2rum-gamla-stan-stockholms-kommun-skottgrand-7,-4-5-tr-1094751",18 oktober 2019,"Gamla Stan,
  Stockholms kommu",89815,4950000,2,54,3967,4000,1623,4850000,5
9,"https://www.hemnet.se/salda/lagenhet-1rum-gamla-stan-stockholms-kommun-prastgatan-32,-3-tr-1083818",30 september 2019,"Gamla Stan,
  Stockholms kommu",102632,4050000,1,38,693,10400,1600,3900000,
10,https://www.hemnet.se/salda/lagenhet-3rum-gamla-stan-stockholms-kommun-osterlanggatan-23-1081757,26 september 2019,"Gamla Stan,
  Stockholms kommu",113265,5200000,3,49,1756,9252,1600,5550000,
11,https://www.hemnet.se/salda/lagenhet-2rum-gamla-stan-stockholms-kommun-lilla-nygatan-16-1076898,19 september 2019,"Gamla Stan,
  Stockholms kommu",90625,5650000,2,64,1781,18500,1741,5800000,
12,https://www.hemnet.se/salda/lagenhet-2rum-gamla-stan-stockholms-kommun-helga-lekamens-grand-3-1076614,19 september 2019,"Gamla Stan,
  Stockholms kommu",90000,2995000,2,40,1279,6800,1600,3600000,
13,https://www.hemnet.se/salda/lagenhet-3rum-gamla-stan-stockholms-kommun-johannesgrand-4-1074481,13 september 2019,"Gamla Stan,
  Stockholms kommu",87246,5995000,3,69,4759,,1650,6020000,
14,https://www.hemnet.se/salda/lagenhet-3rum-gamla-stan-stockholms-kommun-prastgatan-60-1070899,9 september 2019,"Gamla Stan,
  Stockholms kommu",117021,5500000,3,47,,8400,,5500000,
15,https://www.hemnet.se/salda/lagenhet-2rum-gamla-stan-stockholms-kommun-kakbrinken-14-1068480,5 september 2019,"Gamla Stan,
  Stockholms kommu",95000,3795000,2,40,2589,7000,,3800000,
16,https://www.hemnet.se/salda/lagenhet-2rum-gamla-stan-stockholms-kommun-skeppsbron-4-1067020,3 september 2019,"Gamla Stan,
  Stockholms kommu",93136,5495000,2,59,3592,,1650,5495000,
17,https://www.hemnet.se/salda/lagenhet-2rum-gamla-stan-stockholms-kommun-jarntorget-85-1060499,23 augusti 2019,"Gamla Stan,
  Stockholms kommu",84286,5995000,2,70,1062,10200,1453,5900000,
18,"https://www.hemnet.se/salda/lagenhet-2rum-gamla-stan-stockholms-kommun-stora-nygatan-22,-2-tr-1059809",22 augusti 2019,"Gamla Stan,
  Stockholms kommu",112056,5995000,2,53.5,2476,,,5995000,
19,https://www.hemnet.se/salda/lagenhet-2rum-gamla-stan-stockholms-kommun-kopmangatan-4-1055066,13 augusti 2019,"Gamla Stan,
  Stockholms kommu",99796,4995000,2,49,3151,,1550,4890000,
20,https://www.hemnet.se/salda/lagenhet-1rum-gamla-stan-stockholms-kommun-lilla-nygatan-11-1047725,23 juli 2019,"Gamla Stan,
  Stockholms kommu",170588,1895000,1,17,1649,5688,,2900000,7.3
21,"https://www.hemnet.se/salda/lagenhet-2,5rum-gamla-stan-stockholms-kommun-osterlanggatan-8-1031936",17 juni 2019,"Gamla Stan,
  Stockholms kommu",93103,6200000,2.5,58,2426,10212,1635,5400000,
22,https://www.hemnet.se/salda/lagenhet-1rum-gamla-stan-stockholms-kommun-lilla-nygatan-11-1016337,22 maj 2019,"Gamla stan,
  Stockholms kommu",120000,2995000,1,30,2742,4200,1643,3600000,
23,https://www.hemnet.se/salda/lagenhet-3rum-gamla-stan-stockholms-kommun-gasgrand-1-vasterlanggatan-24-999344,5 maj 2019,"Gamla Stan,
  Stockholms kommu",75652,8500000,3,115,1170,14400,1730,8700000,42
24,https://www.hemnet.se/salda/lagenhet-3rum-gamla-stan-stockholms-kommun-kopmangatan-5-976878,6 april 2019,"Gamla stan,
  Stockholms kommu",90698,7995000,3,86,4734,6700,1600,7800000,
25,https://www.hemnet.se/salda/lagenhet-2rum-gamla-stan-stockholms-kommun-lilla-nygatan-16-969000,21 mars 2019,"Gamla Stan,
  Stockholms kommu",102128,4800000,2,47,1523,6000,1780,4800000,
26,https://www.hemnet.se/salda/lagenhet-3rum-gamla-stan-stockholms-kommun-skeppsbron-4-990567,27 februari 2019,"Gamla Stan,
  Stockholms kommu",87500,6100000,3,68,4190,4700,1650,5950000,
27,https://www.hemnet.se/salda/lagenhet-2rum-gamla-stan-stockholms-kommun-yxsmedsgrand-2-947623,16 februari 2019,"Gamla Stan,
  Stockholms kommu",93750,4795000,2,52,2940,9700,1630-tal,4875000,10
28,"https://www.hemnet.se/salda/lagenhet-1rum-gamla-stan-stockholms-kommun-baggensgatan-27,-2-tr-933364",15 januari 2019,"Gamla Stan,
  Stockholms kommu",84615,3300000,1,39,1266,5688,1336,3300000,4
29,https://www.hemnet.se/salda/lagenhet-2rum-gamla-stan-stockholms-kommun-lilla-nygatan-16-925533,15 december 2018,"Gamla Stan,
  Stockholms kommu",95238,4200000,2,42,1200,6000,0,4000000,
30,https://www.hemnet.se/salda/lagenhet-2rum-gamla-stan-stockholms-kommun-kakbrinken-5-924689,13 december 2018,"Gamla Stan,
  Stockholms kommu",101250,3495000,2,40,1217,4000,1600,4050000,
31,https://www.hemnet.se/salda/lagenhet-3rum-gamla-stan-stockholms-kommun-lilla-nygatan-7-918763,10 december 2018,"Gamla Stan,
  Stockholms kommu",75610,6200000,3,82,2004,,1661,6200000,
32,https://www.hemnet.se/salda/lagenhet-2rum-gamla-stan-stockholms-kommun-jarntorget-85-921751,8 december 2018,"Gamla Stan,
  Stockholms kommu",96324,6500000,2,68,1447,6000,1453,6550000,7.5
33,"https://www.hemnet.se/salda/lagenhet-3rum-gamla-stan-stockholms-kommun-lilla-nygatan-16,-4-4-tr-911925",15 november 2018,"Gamla Stan,
  Stockholms kommu",90161,8700000,3,93,3161,13800,1880,8385000,
34,https://www.hemnet.se/salda/lagenhet-3rum-gamla-stan-stockholms-kommun-kindstugatan-6-911023,13 november 2018,"Gamla Stan,
  Stockholms kommu",119565,5550000,3,46,2517,,1600,5500000,
35,"https://www.hemnet.se/salda/lagenhet-3rum-gamla-stan-stockholms-kommun-malartorget-15,-6-7-tr-908756",8 november 2018,"Gamla Stan,
  Stockholms kommu",110000,6600000,3,60,2194,14400,1700,6600000,
36,"https://www.hemnet.se/salda/lagenhet-2,5rum-gamla-stan-stockholms-kommun-kindstugatan-14-903787",27 oktober 2018,"Gamla Stan,
  Stockholms kommu",96205,5550000,2.5,56,3236,,1600 tal,5387500,1
37,https://www.hemnet.se/salda/lagenhet-2rum-gamla-stan-stockholms-kommun-stora-hoparegrand-10a-895363,11 oktober 2018,"Gamla Stan,
  Stockholms kommu",79239,3595000,2,46,1648,7500,1600,3645000,
38,"https://www.hemnet.se/salda/lagenhet-2,5rum-gamla-stan-stockholms-kommun-jarntorget-85-889854",29 september 2018,"Gamla Stan,
  Stockholms kommu",78814,9500000,2.5,118,1768,21144,1453,9300000,13
39,https://www.hemnet.se/salda/lagenhet-2rum-gamla-stan-stockholms-kommun-kindstugatan-18-887788,26 september 2018,"Gamla Stan,
  Stockholms kommu",129605,4975000,2,38,2098,,1558,4925000,
40,"https://www.hemnet.se/salda/lagenhet-3rum-gamla-stan-stockholms-kommun-vasterlanggatan-65,-3tr-885262",21 september 2018,"Gamla Stan,
  Stockholms kommu",92319,6800000,3,69,2004,5560,1665,6370000,
41,"https://www.hemnet.se/salda/lagenhet-3rum-gamla-stan-stockholms-kommun-vasterlanggatan-57,-2-tr-884482",20 september 2018,"Gamla Stan,
  Stockholms kommu",85547,5475000,3,64,2168,9200,1880,5475000,
42,"https://www.hemnet.se/salda/lagenhet-2rum-gamla-stan-stockholms-kommun-bredgrand-7,-3-tr-855580",13 juli 2018,"Gamla stan,
  Stockholms kommu",110172,3195000,2,29,2133,3963,1600,3195000,
43,"https://www.hemnet.se/salda/lagenhet-2rum-gamla-stan-stockholms-kommun-sjalagardsgatan-8a,-2-tr-853027",5 juli 2018,"Gamla Stan,
  Stockholms kommu",97674,8575000,2,86,1789,16800,1626. 1826,8400000,
44,https://www.hemnet.se/salda/lagenhet-3rum-gamla-stan-stockholms-kommun-pelikansgrand-2-835358,29 maj 2018,"Gamla Stan,
  Stockholms kommu",93382,6500000,3,68,3594,,1600-talet,6350000,
45,https://www.hemnet.se/salda/lagenhet-1rum-gamla-stan-stockholms-kommun-kopmangatan-4-822701,1 maj 2018,"Gamla Stan,
  Stockholms kommu",122727,3995000,1,33,1680,,Före 1550. påbyggt 1650.1870,4050000,
46,"https://www.hemnet.se/salda/lagenhet-2rum-gamla-stan-stockholms-kommun-spektens-grand-4,-3-tr-820297",25 april 2018,"Gamla Stan,
  Stockholms kommu",106250,3400000,2,32,3238,4894,1667,3400000,
47,https://www.hemnet.se/salda/lagenhet-1rum-gamla-stan-stockholms-kommun-skeppsbron-4-819076,23 april 2018,"Gamla Stan,
  Stockholms kommu",117143,3600000,1,35,1833,,1652,4100000,
48,"https://www.hemnet.se/salda/lagenhet-3,5rum-gamla-stan-stockholms-kommun-stora-nygatan-20,-3-tr-816800",18 april 2018,"Gamla Stan,
  Stockholms kommu",116923,7500000,3.5,65,3948,11600,1600,7600000,26
49,https://www.hemnet.se/salda/lagenhet-2rum-gamla-stan-stockholms-kommun-didrik-ficks-grand-5-813481,10 april 2018,"Gamla Stan,
  Stockholms kommu",107576,3595000,2,33,1405,,1850,3550000,
50,https://www.hemnet.se/salda/lagenhet-2rum-gamla-stan-stockholms-kommun-baggensgatan-27-808336,24 mars 2018,"Gamla Stan,
  Stockholms kommu",104500,4600000,2,50,1844,3600,1336.1500 talet,5225000,
51,"https://www.hemnet.se/salda/lagenhet-2rum-gamla-stan-stockholms-kommun-tyska-brinken-28,-2-tr-803466",12 mars 2018,"Lägenhet med annan ägandeform -

    Gamla Stan,
  Stockholms kommu",88889,7400000,2,81,2573,,1740,7200000,
52,https://www.hemnet.se/salda/lagenhet-2rum-gamla-stan-stockholms-kommun-telegrafgrand-1a-802952,9 mars 2018,"Gamla Stan,
  Stockholms kommu",90000,4680000,2,52,3107,,1652,4680000,
53,https://www.hemnet.se/salda/lagenhet-3rum-gamla-stan-stockholms-kommun-skeppar-olofs-grand-2-797555,25 februari 2018,"Gamla Stan,
  Stockholms kommu",102869,6500000,3,61,2147,,1400 talet  och 1500 talet osv,6275000,
54,"https://www.hemnet.se/salda/lagenhet-4rum-gamla-stan-stockholms-kommun-schonfeldts-grand-1,-4-tr-789447",7 februari 2018,"Gamla Stan,
  Stockholms kommu",94208,12750000,4,129.5,5250,,1636.1700-talet och 1800,12200000,14
55,https://www.hemnet.se/salda/lagenhet-3rum-gamla-stan-stockholms-kommun-kopmangatan-4-783865,25 januari 2018,"Gamla Stan,
  Stockholms kommu",104545,6900000,3,66,3900,,Före 1550. påbyggt 1650.1870,6900000,
56,https://www.hemnet.se/salda/lagenhet-2rum-gamla-stan-stockholms-kommun-skomakargatan-32-778776,14 januari 2018,"Gamla Stan,
  Stockholms kommu",119792,5400000,2,48,730,6000,ca 1600t.1800t,5750000,
57,"https://www.hemnet.se/salda/lagenhet-2rum-gamla-stan-stockholms-kommun-vasterlanggatan-65,-4-tr-775414",23 december 2017,"Gamla Stan,
  Stockholms kommu",107692,4250000,2,39,1393,,1660,4200000,
58,https://www.hemnet.se/salda/lagenhet-1rum-gamla-stan-stockholms-kommun-osterlanggatan-8-771828,13 december 2017,"Gamla Stan,
  Stockholms kommu",85516,5575000,1,63,2587,6000,1635,5387500,
59,https://www.hemnet.se/salda/lagenhet-4rum-gamla-stan-stockholms-kommun-prastgatan-44b-767233,30 november 2017,"Gamla Stan,
  Stockholms kommu",109302,9500000,4,86,2747,,1600-talet,9400000,22
60,https://www.hemnet.se/salda/lagenhet-2rum-gamla-stan-stockholms-kommun-brunnsgrand-3-765641,26 november 2017,"Gamla Stan,
  Stockholms kommu",82627,10000000,2,118,5639,,1680,9750000,
61,"https://www.hemnet.se/salda/lagenhet-1rum-gamla-stan-stockholms-kommun-yxsmedsgrand-2,-2-tr-758776",10 november 2017,"Gamla Stan,
  Stockholms kommu",100690,2895000,1,29,2842,7200,0,2920000,
62,"https://www.hemnet.se/salda/lagenhet-2rum-gamla-stan-stockholms-kommun-kopmangatan-4,-3-tr-752022",26 oktober 2017,"Gamla Stan,
  Stockholms kommu",102041,5000000,2,49,3151,9800,1850,5000000,
63,https://www.hemnet.se/salda/lagenhet-2rum-gamla-stan-stockholms-kommun-osterlanggatan-23-751443,25 oktober 2017,"Gamla Stan,
  Stockholms kommu",98039,5300000,2,51,2582,6000,1600talet,5000000,
64,https://www.hemnet.se/salda/lagenhet-2rum-gamla-stan-stockholms-kommun-lilla-nygatan-15-743886,10 oktober 2017,"Gamla Stan,
  Stockholms kommu",91803,5800000,2,61,2477,,1636.1700-talet och 1800,5600000,
65,https://www.hemnet.se/salda/lagenhet-2rum-gamla-stan-stockholms-kommun-sjalagardsgatan-3-734773,22 september 2017,"Gamla Stan,
  Stockholms kommu",106250,7650000,2,64,5000,,Medeltiden och 1650-talet,6800000,
66,"https://www.hemnet.se/salda/lagenhet-1rum-gamla-stan-stockholms-kommun-stora-nygatan-38,-3-tr-730075",14 september 2017,"Gamla Stan,
  Stockholms kommu",114143,3850000,1,35,1389,5636,1762,3995000,
67,"https://www.hemnet.se/salda/lagenhet-3rum-gamla-stan-stockholms-kommun-kornhamnstorg-51,-3-tr-729568",13 september 2017,"Gamla Stan,
  Stockholms kommu",107692,9950000,3,97.5,3045,,1632,10500000,
68,https://www.hemnet.se/salda/lagenhet-3rum-gamla-stan-stockholms-kommun-malartorget-15-722234,31 augusti 2017,"Gamla Stan,
  Stockholms kommu",91429,6350000,3,70,2607,,1902,6400000,
69,https://www.hemnet.se/salda/lagenhet-2rum-gamla-stan-stockholms-kommun-helga-lekamens-grand-3-720134,28 augusti 2017,"Gamla Stan,
  Stockholms kommu",90000,3600000,2,40,1542,10800,1700,3600000,
70,https://www.hemnet.se/salda/lagenhet-2rum-gamla-stan-stockholms-kommun-didrik-ficks-grand-nr-1-708911,19 augusti 2017,"Gamla Stan,
  Stockholms kommu",113636,7500000,2,66,3533,11616,1556,7500000,4
71,"https://www.hemnet.se/salda/lagenhet-1rum-gamla-stan-stockholms-kommun-bredgrand-7,-4-tr-703160",10 juli 2017,"Gamla Stan,
  Stockholms kommu",110000,3700000,1,30,2192,,0,3300000,
72,"https://www.hemnet.se/salda/lagenhet-3rum-gamla-stan-stockholms-kommun-skeppar-olofs-grand-2,-2-tr-692805",16 juni 2017,"Gamla Stan,
  Stockholms kommu",106494,7300000,3,77,2733,,1500,8200000,
73,https://www.hemnet.se/salda/lagenhet-5rum-gamla-stan-stockholms-kommun-lilla-nygatan-7-683391,30 maj 2017,"Gamla Stan,
  Stockholms kommu",104561,15000000,5,142.5,6590,,1661,14900000,
74,https://www.hemnet.se/salda/lagenhet-3rum-gamla-stan-stockholms-kommun-svartmangatan-21-672922,10 maj 2017,"Gamla Stan,
  Stockholms kommu",95388,9950000,3,103,2741,,1874,9825000,
75,https://www.hemnet.se/salda/lagenhet-1rum-gamla-stan-stockholms-kommun-yxsmedsgrand-2-667226,28 april 2017,"Gamla Stan,
  Stockholms kommu",103333,2995000,1,30,2940,6000,1631. 1729,3100000,
76,"https://www.hemnet.se/salda/lagenhet-3rum-maria-gamla-stan-hogalid-stockholms-kommun-sven-vintappares-grand-2,-3-tr-665761",26 april 2017,"Maria/Gamla Stan/Högalid,
  Stockholms kommu",116364,5450000,3,55,1565,12696,1650,6400000,
77,"https://www.hemnet.se/salda/lagenhet-1rum-gamla-stan-stockholms-kommun-vasterlanggatan-65,-5tr-654998",5 april 2017,"Gamla Stan,
  Stockholms kommu",134783,3400000,1,23,908,5160,1660,3100000,
78,https://www.hemnet.se/salda/lagenhet-3rum-gamla-stan-stockholms-kommun-sjalagardsgatan-8b-646191,27 mars 2017,"Gamla Stan,
  Stockholms kommu",113122,10000000,3,88.4,1885,15492,Grunden 1600talet.pågbyggd1885,10000000,
79,"https://www.hemnet.se/salda/lagenhet-1,5rum-gamla-stan-stockholms-kommun-stora-hoparegrand-10a,-bv-648864",23 mars 2017,"Gamla Stan,
  Stockholms kommu",86413,3975000,1.5,46,2356,11040,1600,3975000,
80,https://www.hemnet.se/salda/lagenhet-4rum-gamla-stan-stockholms-kommun-stora-gramunkegrand-1-645895,17 mars 2017,"Gamla Stan,
  Stockholms kommu",96429,8950000,4,112,3442,17400,1700-talet,10800000,
81,https://www.hemnet.se/salda/lagenhet-2rum-gamla-stan-stockholms-kommun-sjalagardsgatan-8b-635837,21 februari 2017,"Gamla Stan,
  Stockholms kommu",126984,7500000,2,63,1461,11088,Grunden 1600talet.pågbyggd1800,8000000,
82,"https://www.hemnet.se/salda/lagenhet-2,5rum-gamla-stan-stockholms-kommun-osterlanggatan-8-629375",4 februari 2017,"Gamla Stan,
  Stockholms kommu",120690,7000000,2.5,58,2426,10212,1635,7000000,
83,"https://www.hemnet.se/salda/lagenhet-2rum-gamla-stan-stockholms-kommun-kopmangatan-4,-3-tr-625414",26 januari 2017,"Gamla Stan,
  Stockholms kommu",112000,3795000,2,35,1867,6000,1850,3920000,
84,https://www.hemnet.se/salda/lagenhet-3rum-gamla-stan-stockholms-kommun-baggensgatan-19-613901,15 december 2016,"Gamla Stan,
  Stockholms kommu",93111,8380000,3,90,1789,17750,1600,8380000,
85,https://www.hemnet.se/salda/lagenhet-1rum-gamla-stan-stockholms-kommun-pelikansgrand-2-398622,13 december 2016,"Gamla Stan,
  Stockholms kommu",115714,3995000,1,35,2009,,1600talet,4050000,2
86,"https://www.hemnet.se/salda/lagenhet-2rum-gamla-stan-stockholms-kommun-tyska-brinken-34,-3-tr-612657",10 december 2016,"Gamla Stan,
  Stockholms kommu",100877,5700000,2,57,2262,,1736/1762,5750000,
87,"https://www.hemnet.se/salda/lagenhet-1,5rum-gamla-stan-stockholms-kommun-lilla-nygatan-16,-2-tr-606650",24 november 2016,"Gamla Stan,
  Stockholms kommu",154545,3400000,1.5,22,723,5700,1741,3400000,
88,"https://www.hemnet.se/salda/lagenhet-1rum-gamla-stan-stockholms-kommun-bredgrand-7,-4-tr-602522",16 november 2016,"Gamla stan,
  Stockholms kommu",120968,2975000,1,31,2201,,Ca 1650,3750000,3
89,https://www.hemnet.se/salda/lagenhet-3rum-gamla-stan-stockholms-kommun-malartorget-15-668752,15 november 2016,"Gamla stan,
  Stockholms kommu",99462,8500000,3,93,3316,12000,1903,9250000,
90,"https://www.hemnet.se/salda/lagenhet-2rum-gamla-stan-stockholms-kommun-kopmangatan-8,-3tr-590978",21 oktober 2016,"Gamla Stan,
  Stockholms kommu",103659,3695000,2,41,2567,4780,1850,4250000,
91,https://www.hemnet.se/salda/lagenhet-1rum-gamla-stan-stockholms-kommun-prastgatan-19-589188,17 oktober 2016,"Gamla Stan,
  Stockholms kommu",100000,2950000,1,35,1338,3110,1520,3500000,
92,"https://www.hemnet.se/salda/lagenhet-1,5rum-gamla-stan-stockholms-kommun-kopmangatan-6,-2-tr-og-588723",14 oktober 2016,"Gamla Stan,
  Stockholms kommu",97727,3995000,1.5,44,2635,,1850,4300000,
93,https://www.hemnet.se/salda/lagenhet-3rum-gamla-stan-stockholms-kommun-malartorget-15-585729,9 oktober 2016,"Gamla Stan,
  Stockholms kommu",110268,5475000,3,56,2194,15600,1750/1903,6175000,
94,https://www.hemnet.se/salda/lagenhet-2rum-gamla-stan-stockholms-kommun-bollhusgrand-3-c-565712,31 augusti 2016,"Gamla Stan,
  Stockholms kommu",122821,4750000,2,39,1600,8700,1635,4790000,
95,https://www.hemnet.se/salda/lagenhet-3rum-gamla-stan-stockholms-kommun-stora-nygatan-20-534487,20 juni 2016,"Gamla Stan,
  Stockholms kommu",102113,7250000,3,71,3544,26304,1600-tal,7250000,
96,"https://www.hemnet.se/salda/lagenhet-1rum-gamla-stan-stockholms-kommun-lilla-nygatan-11,-2-tr-515352",13 maj 2016,"Gamla Stan,
  Stockholms kommu",125000,2895000,1,24,1649,3200,1643,3000000,
97,"https://www.hemnet.se/salda/lagenhet-1,5rum-gamla-stan-stockholms-kommun-lilla-nygatan-16,-2-tr-510894",3 maj 2016,"Gamla Stan,
  Stockholms kommu",112281,2995000,1.5,28.5,723,6300,1741,3200000,
98,"https://www.hemnet.se/salda/lagenhet-3rum-gamla-stan-stockholms-kommun-lilla-nygatan-16,-3-tr-508214",28 april 2016,"Gamla Stan,
  Stockholms kommu",103093,8950000,3,97,3076,16600,1741,10000000,
99,"https://www.hemnet.se/salda/lagenhet-2rum-gamla-stan-stockholms-kommun-stora-nygatan-38,-3tr-501147",13 april 2016,"Gamla Stan,
  Stockholms kommu",77333,4995000,2,75,2976,,1736/1762,5800000,
100,"https://www.hemnet.se/salda/lagenhet-2rum-gamla-stan-stockholms-kommun-lilla-nygatan-15,-1-tr-500775",13 april 2016,"Gamla Stan,
  Stockholms kommu",86743,4495000,2,61.1,2752,5400,1640,5300000,
101,"https://www.hemnet.se/salda/lagenhet-2rum-gamla-stan-stockholms-kommun-bollhusgrand-3c,-1-tr-496427",3 april 2016,"Gamla Stan,
  Stockholms kommu",115385,3495000,2,39,1600,9600,1635,4500000,
102,"https://www.hemnet.se/salda/lagenhet-3rum-gamla-stan-stockholms-kommun-jarntorget-85,-1tr-og-494214",8 mars 2016,"Gamla Stan,
  Stockholms kommu",123529,3495000,3,34,615,9228,Början av 1600-talet,4200000,
103,https://www.hemnet.se/salda/lagenhet-1rum-gamla-stan-stockholms-kommun-jarntorget-85-483370,1 mars 2016,"Gamla Stan,
  Stockholms kommu",200000,2200000,1,12,333,3900,1400,2400000,
104,"https://www.hemnet.se/salda/lagenhet-5rum-gamla-stan-stockholms-kommun-malartorget-13,-2-tr-476564",18 februari 2016,"Gamla Stan,
  Stockholms kommu",81143,7950000,5,105,4248,,1859,8520000,
105,"https://www.hemnet.se/salda/lagenhet-3,5rum-gamla-stan-stockholms-kommun-lilla-nygatan-11-476351",17 februari 2016,"Gamla Stan,
  Stockholms kommu",96875,5950000,3.5,64,5850,,1643,6200000,18
106,https://www.hemnet.se/salda/lagenhet-2rum-gamla-stan-stockholms-kommun-lilla-nygatan-16-474251,10 februari 2016,"Gamla Stan,
  Stockholms kommu",88333,4675000,2,66,2039,10341,1753,5830000,
107,"https://www.hemnet.se/salda/lagenhet-2rum-gamla-stan-stockholms-kommun-skeppar-karls-grand-6,-4-tr-473218",10 februari 2016,"Gamla Stan,
  Stockholms kommu",98529,4295000,2,51,975,13680,1613,5025000,
108,"https://www.hemnet.se/salda/lagenhet-1rum-gamla-stan-stockholms-kommun-didrik-ficks-grand-1,-2tr-472896",9 februari 2016,"Gamla Stan,
  Stockholms kommu",108621,2995000,1,29,1750,13200,1556,3150000,
109,https://www.hemnet.se/salda/lagenhet-4rum-gamla-stan-stockholms-kommun-lilla-nygatan-11-472821,8 februari 2016,"Gamla Stan,
  Stockholms kommu",97887,6000000,4,71,6490,9492,1643.1700talet och 1800talet,6950000,
110,https://www.hemnet.se/salda/lagenhet-1rum-gamla-stan-stockholms-kommun-stora-nygatan-38-469057,28 januari 2016,"Gamla Stan,
  Stockholms kommu",90571,2950000,1,35,1389,,1736/1762,3170000,
111,"https://www.hemnet.se/salda/lagenhet-1rum-gamla-stan-stockholms-kommun-lilla-nygatan-16,-1-tr-464977",19 januari 2016,"Gamla Stan,
  Stockholms kommu",147368,2495000,1,19,684,6000,1741,2800000,
112,https://www.hemnet.se/salda/lagenhet-5rum-gamla-stan-stockholms-kommun-stora-nygatan-20-478651,11 januari 2016,"Gamla Stan,
  Stockholms kommu",79487,8850000,5,117,5608,17496,1670. ombyggd 2014,9300000,
113,"https://www.hemnet.se/salda/lagenhet-2rum-gamla-stan-stockholms-kommun-stora-nygatan-38,-3tr-456550",10 december 2015,"Gamla Stan,
  Stockholms kommu",78304,4200000,2,56,2267,,1762,4385000,
114,"https://www.hemnet.se/salda/lagenhet-3rum-gamla-stan-stockholms-kommun-lilla-nygatan-16,-4-tr,-hiss-451687",26 november 2015,"Gamla Stan,
  Stockholms kommu",86022,7995000,3,93,3161,,1750-talet,8000000,
115,https://www.hemnet.se/salda/lagenhet-5rum-gamla-stan-stockholms-kommun-telegrafgrand-1-b-450877,25 november 2015,"Gamla stan,
  Stockholms kommu",92373,9990000,5,118,1300,11292,1750-tal för våning,10900000,
116,https://www.hemnet.se/salda/lagenhet-2rum-gamla-stan-stockholms-kommun-tyska-brinken-34-445593,12 november 2015,"Gamla Stan,
  Stockholms kommu",88393,4500000,2,56,2262,,1736/1762,4950000,
117,"https://www.hemnet.se/salda/lagenhet-1rum-gamla-stan-stockholms-kommun-jarntorget-85,-1tr-og-455899",10 november 2015,"Gamla Stan,
  Stockholms kommu",150000,1795000,1,12,333,5664,Mitten av 1400-talet,1800000,
118,"https://www.hemnet.se/salda/lagenhet-3rum-gamla-stan-stockholms-kommun-malartorget-15,-3-tr-428627",13 oktober 2015,"Gamla Stan,
  Stockholms kommu",94231,7695000,3,91,3315,12000,1880,8575000,
119,https://www.hemnet.se/salda/lagenhet-3rum-gamla-stan-stockholms-kommun-sjalagardsgatan-8a-422606,30 september 2015,"Gamla Stan,
  Stockholms kommu",98837,8500000,3,86,1789,16200,1850,8500000,
120,"https://www.hemnet.se/salda/lagenhet-2rum-gamla-stan-stockholms-kommun-stora-nygatan-20,-2-tr-420621",25 september 2015,"Gamla Stan,
  Stockholms kommu",73913,5350000,2,69,3454,18000,1675,5100000,
121,https://www.hemnet.se/salda/lagenhet-4rum-gamla-stan-stockholms-kommun-skeppsbron-6-skeppar-karls-grand-2-437549,15 september 2015,"Gamla Stan,
  Stockholms kommu",93985,12900000,4,133,7408,7500,1650,12500000,
122,"https://www.hemnet.se/salda/lagenhet-3,5rum-gamla-stan-stockholms-kommun-ankargrand-2,-2-tr-406291",31 augusti 2015,"Gamla Stan,
  Stockholms kommu",88028,5990000,3.5,71,1538,18280,1640,6250000,
123,"https://www.hemnet.se/salda/lagenhet-1rum-gamla-stan-stockholms-kommun-lilla-nygatan-11,-2-tr-402275",25 augusti 2015,"Gamla Stan,
  Stockholms kommu",129167,2750000,1,24,1649,3200,1643,3100000,
124,https://www.hemnet.se/salda/lagenhet-2rum-gamla-stan-stockholms-kommun-lilla-nygatan-11-399077,18 augusti 2015,"Gamla Stan,
  Stockholms kommu",130556,3290000,2,27,2468,,1600-talet,3525000,
125,"https://www.hemnet.se/salda/lagenhet-1rum-gamla-stan-stockholms-kommun-lilla-nygatan-11,-3tr-384174",10 juli 2015,"Gamla Stan,
  Stockholms kommu",103269,2325000,1,26,2377,,,2685000,
126,https://www.hemnet.se/salda/lagenhet-2rum-gamla-stan-stockholms-kommun-didrik-ficks-grand-5-375524,18 juni 2015,"Gamla Stan,
  Stockholms kommu",105152,2995000,2,33,1405,10800,1880,3470000,
127,"https://www.hemnet.se/salda/lagenhet-3rum-gamla-stan-stockholms-kommun-stora-nygatan-19,-4-4-tr-360905",31 maj 2015,"Gamla Stan,
  Stockholms kommu",89560,7990000,3,91,2700,7200,1650,8150000,
128,"https://www.hemnet.se/salda/lagenhet-2rum-gamla-stan-stockholms-kommun-kopmangatan-18,-1-tr-369560",22 maj 2015,"Gamla Stan,
  Stockholms kommu",98000,4750000,2,50,1661,5000,1757,4900000,
129,"https://www.hemnet.se/salda/lagenhet-2,5rum-gamla-stan-stockholms-kommun-kakbrinken-3-350262",12 maj 2015,"Gamla Stan,
  Stockholms kommu",85484,5595000,2.5,62,2222,2004,1762,5300000,
130,"https://www.hemnet.se/salda/lagenhet-1rum-gamla-stan-stockholms-kommun-lilla-nygatan-11,-3tr-349320",10 maj 2015,"Gamla Stan,
  Stockholms kommu",96154,2395000,1,26,2377,,,2500000,
131,"https://www.hemnet.se/salda/lagenhet-2rum-gamla-stan-stockholms-kommun-kopmangatan-18,-5tr-349283",5 maj 2015,"Gamla Stan,
  Stockholms kommu",142308,3700000,2,26,864,,1757,3700000,8
132,https://www.hemnet.se/salda/lagenhet-2rum-gamla-stan-stockholms-kommun-skeppar-karls-grand-6-344038,3 maj 2015,"Gamla Stan,
  Stockholms kommu",86000,4300000,2,50,937,12600,1628,4300000,
133,"https://www.hemnet.se/salda/lagenhet-3rum-gamla-stan-stockholms-kommun-stora-nygatan-20,-1-tr-389857",24 april 2015,"Gamla Stan,
  Stockholms kommu",77465,5500000,3,71,3441,14300,1785,5500000,
134,"https://www.hemnet.se/salda/lagenhet-1rum-gamla-stan-stockholms-kommun-lilla-nygatan-11,-2-tr-335290",23 april 2015,"Gamla Stan,
  Stockholms kommu",93750,2995000,1,32,2925,,1680,3000000,
135,https://www.hemnet.se/salda/lagenhet-3rum-gamla-stan-stockholms-kommun-pelikansgrand-3-492847,10 april 2015,"Gamla stan,
  Stockholms kommu",49494,3475000,3,79,6322,5400,1650,3910000,
136,"https://www.hemnet.se/salda/lagenhet-2rum-gamla-stan-stockholms-kommun-yxsmedsgrand-4,-1tr-319163",24 mars 2015,"Gamla Stan,
  Stockholms kommu",89286,3750000,2,42,1885,,1600,3750000,
137,"https://www.hemnet.se/salda/lagenhet-2rum-gamla-stan-stockholms-kommun-yxsmedsgrand-4,-3tr-317207",19 mars 2015,"Gamla Stan,
  Stockholms kommu",88523,3895000,2,44,1974,,1600,3895000,
138,"https://www.hemnet.se/salda/lagenhet-2rum-gamla-stan-stockholms-kommun-yxsmedsgrand-4,-2tr-317205",19 mars 2015,"Gamla Stan,
  Stockholms kommu",93023,3795000,2,43,1930,,1600,4000000,
139,https://www.hemnet.se/salda/lagenhet-3rum-gamla-stan-stockholms-kommun-yxsmedsgrand-4-van-4-5-317015,18 mars 2015,"Gamla Stan,
  Stockholms kommu",76531,6900000,3,98,4399,,1600,7500000,
140,"https://www.hemnet.se/salda/lagenhet-1,5rum-gamla-stan-stockholms-kommun-lilla-nygatan-16,-2-tr-316981",18 mars 2015,"Gamla Stan,
  Stockholms kommu",126087,2150000,1.5,23,761,8100,1880,2900000,
141,"https://www.hemnet.se/salda/lagenhet-1rum-gamla-stan-stockholms-kommun-stora-nygatan-38,-2-tr-287335",18 december 2014,"Gamla Stan,
  Stockholms kommu",102857,1895000,1,21,879,3100,1762,2160000,
142,"https://www.hemnet.se/salda/lagenhet-2rum-gamla-stan-stockholms-kommun-svartmangatan-21,-2-tr-249940",25 september 2014,"Gamla Stan,
  Stockholms kommu",88462,3195000,2,39,1058,7260,1800,3450000,
143,"https://www.hemnet.se/salda/lagenhet-3rum-gamla-stan-stockholms-kommun-skeppar-olofs-grand-2,-3-tr-248532",23 september 2014,"Gamla Stan,
  Stockholms kommu",79221,5995000,3,77,2928,6104,1528,6100000,
144,"https://www.hemnet.se/salda/lagenhet-3rum-gamla-stan-stockholms-kommun-lilla-nygatan-11,-3-tr-248523",23 september 2014,"Gamla Stan,
  Stockholms kommu",78169,5550000,3,71,6490,4200,1643,5550000,
145,"https://www.hemnet.se/salda/lagenhet-1rum-gamla-stan-stockholms-kommun-lilla-nygatan-11,-1tr-240427",4 september 2014,"Gamla Stan,
  Stockholms kommu",92593,2500000,1,27,2468,2160,1680,2500000,
146,"https://www.hemnet.se/salda/lagenhet-1,5rum-gamla-stan-stockholms-kommun-lilla-nygatan-11-224627",21 juli 2014,"Gamla Stan,
  Stockholms kommu",105556,2595000,1.5,27,2468,,1600-talet,2850000,
147,https://www.hemnet.se/salda/lagenhet-2rum-gamla-stan-stockholms-kommun-helga-lekamens-grand-3-183772,7 maj 2014,"Gamla stan,
  Stockholms kommu",80952,2895000,2,42,1849,9600,1620- 1650,3400000,
148,"https://www.hemnet.se/salda/lagenhet-3rum-gamla-stan-stockholms-kommun-johannesgrand-4,-2-tr-180924",30 april 2014,"Gamla Stan,
  Stockholms kommu",71377,4750000,3,69,3966,11566,1650,4925000,
149,"https://www.hemnet.se/salda/lagenhet-2rum-gamla-stan-stockholms-kommun-lilla-nygatan-16,-1-tr-173807",10 april 2014,"Gamla Stan,
  Stockholms kommu",69620,5500000,2,79,2033,12908,1751,5500000,
150,"https://www.hemnet.se/salda/lagenhet-1,5rum-gamla-stan-stockholms-kommun-lilla-nygatan-11-174700",9 april 2014,"Gamla Stan,
  Stockholms kommu",144118,2450000,1.5,17,1554,,1600-talet. i flera omgånga,2450000,
151,"https://www.hemnet.se/salda/lagenhet-2rum-gamla-stan-stockholms-kommun-svartmangatan-11,-1tr-174623",9 april 2014,"Gamla Stan,
  Stockholms kommu",100610,2995000,2,41,2337,5760,1500,4125000,
152,https://www.hemnet.se/salda/lagenhet-4rum-gamla-stan-stockholms-kommun-bedoirsgrand-2-255029,1 april 2014,"Gamla Stan,
  Stockholms kommu",68692,7450000,4,107,2717,17500,1600,7350000,
153,"https://www.hemnet.se/salda/lagenhet-1rum-gamla-stan-stockholms-kommun-bredgrand-7,-3tr-167623",26 mars 2014,"Gamla Stan,
  Stockholms kommu",88889,2195000,1,27,1919,2460,troligen mitten av 1600-talet,2400000,
154,"https://www.hemnet.se/salda/lagenhet-1rum-gamla-stan-stockholms-kommun-yxsmedsgrand-2,-2-tr-165181",20 mars 2014,"Gamla Stan,
  Stockholms kommu",77586,2250000,1,29,3190,5640,1650,2250000,
155,"https://www.hemnet.se/salda/lagenhet-2rum-gamla-stan-stockholms-kommun-skomakargatan-28,-4-tr-plan-5-164664",19 mars 2014,"Gamla Stan,
  Stockholms kommu",79221,2500000,2,38.5,2152,,1600-1875,3050000,
156,"https://www.hemnet.se/salda/lagenhet-2rum-gamla-stan-stockholms-kommun-kindstugatan-18,-3-tr-162765",15 mars 2014,"Gamla stan,
  Stockholms kommu",101538,3490000,2,39,2098,3600,,3960000,
157,"https://www.hemnet.se/salda/lagenhet-2rum-gamla-stan-stockholms-kommun-bollhusgrand-3c,-1-tr-157483",28 februari 2014,"Gamla Stan,
  Stockholms kommu",97436,2675000,2,39,1524,9528,1635,3800000,
158,"https://www.hemnet.se/salda/lagenhet-3rum-gamla-stan-stockholms-kommun-schonfeldts-grand-1,-4-tr-258059",21 februari 2014,"Gamla Stan,
  Stockholms kommu",65979,6100000,3,97,4459,4700,1632,6400000,
159,https://www.hemnet.se/salda/lagenhet-1rum-gamla-stan-stockholms-kommun-lilla-nygatan-11-207648,5 februari 2014,"Gamla stan,
  Stockholms kommu",70000,2475000,1,40,3751,2400,,2800000,
160,"https://www.hemnet.se/salda/lagenhet-3rum-gamla-stan-stockholms-kommun-schonfeldts-grand-1,-1tr-124881",18 november 2013,"Gamla Stan,
  Stockholms kommu",72500,3975000,3,68,3062,,1638,4930000,
161,https://www.hemnet.se/salda/lagenhet-3rum-gamla-stan-stockholms-kommun-munkbrogatan-8-92940,4 september 2013,"Gamla Stan,
  Stockholms kommu",66972,7500000,3,109,5984,,1957,7300000,
162,"https://www.hemnet.se/salda/lagenhet-1rum-gamla-stan-stockholms-kommun-yxsmedsgrand-2,-1-tr-92249",3 september 2013,"Gamla Stan,
  Stockholms kommu",66667,2100000,1,30,3300,8500,1650,2000000,
163,"https://www.hemnet.se/salda/lagenhet-2rum-sodermalm-gamla-stan-stockholms-kommun-johannesgrand-4,-3tr-89954",28 augusti 2013,"Södermalm - Gamla stan,
  Stockholms kommu",63768,4395000,2,69,3966,17160,1650,4400000,
164,"https://www.hemnet.se/salda/lagenhet-3rum-gamla-stan-stockholms-kommun-lilla-nygatan-16,-3-tr-82493",8 augusti 2013,"Gamla Stan,
  Stockholms kommu",74742,6950000,3,97,3076,21100,1741,7250000,
165,"https://www.hemnet.se/salda/lagenhet-2,5rum-gamla-stan-stockholms-kommun-brunnsgrand-3-104174",22 april 2013,"Gamla Stan,
  Stockholms kommu",64706,7650000,2.5,119,5687,5264,1680,7700000,
166,"https://www.hemnet.se/salda/lagenhet-3rum-sodermalm-gamla-stan-stockholms-kommun-lilla-nygatan-15,-2-tr-42270",3 april 2013,"Södermalm - Gamla Stan,
  Stockholms kommu",65195,4995000,3,77,3468,5000,1638,5020000,
167,"https://www.hemnet.se/salda/lagenhet-2rum-gamla-stan-stockholms-kommun-lilla-nygatan-21,-3tr-104171",27 mars 2013,"Gamla Stan,
  Stockholms kommu",62000,2975000,2,50,1804,4600,1736,3100000,
168,"https://www.hemnet.se/salda/lagenhet-3,5rum-gamla-stan-stockholms-kommun-ankargrand-2-65124",14 mars 2013,"Gamla Stan,
  Stockholms kommu",79710,5745000,3.5,69,1302,9682,1680,5500000,
